distrib,bev_type,cont_type,SSB_status,vol_cont,vol_kL
dining,coffee,alum_can,non_SSB,133.4356,0.1334356
dining,coffee,alum_can,SSB,13.8404,0.013840400000000001
dining,coffee,glass,non_SSB,949.2004,0.9492003999999999
dining,coffee,glass,SSB,640.0003,0.6400003000000001
dining,coffee,plastic,non_SSB,197.4918,0.19749180000000002
dining,coffee,plastic,SSB,39.12570000000001,0.039125700000000006
dining,coffee_milk,alum_can,non_SSB,18.4538,0.0184538
dining,coffee_milk,alum_can,SSB,3876.877,3.876877
dining,coffee_milk,glass,non_SSB,423.86220000000003,0.4238622
dining,coffee_milk,glass,SSB,8036.5053,8.0365053
dining,coffee_milk,plastic,non_SSB,72.041,0.072041
dining,coffee_milk,plastic,SSB,2022.6499,2.0226499
dining,juice,alum_can,non_SSB,210.6081,0.21060810000000002
dining,juice,alum_can,SSB,7849.634899999999,7.849634899999999
dining,juice,bag_in_box,SSB,12889.3129,63.8901024
dining,juice,carton,non_SSB,1138.03,1.1380299999999999
dining,juice,carton,SSB,667.1269,0.6671269
dining,juice,glass,non_SSB,667.1781,0.6671781
dining,juice,glass,SSB,4986.3757,4.9863757
dining,juice,plastic,non_SSB,37195.2288,37.195228799999995
dining,juice,plastic,SSB,12197.842,12.197842000000001
dining,milk_almond,carton,non_SSB,511.03,0.51103
dining,milk_almond,carton,SSB,60821.097299999994,60.82109729999999
dining,milk_almond,plastic,SSB,7939.7737,7.9397737
dining,milk_an,bag_in_box,SSB,22417.19,22.417189999999998
dining,milk_an,carton,non_SSB,1583.8086999999998,1.5838086999999998
dining,milk_an,carton,SSB,323.741,0.323741
dining,milk_an,plastic,non_SSB,55461.4263,55.4614263
dining,milk_an,plastic,SSB,433.098,0.43309800000000004
dining,milk_other_plant,bag_in_box,SSB,863.0730000000001,5.178438
dining,milk_other_plant,carton,SSB,2360.675,2.360675
dining,milk_soy,carton,non_SSB,10527.227299999999,10.527227299999998
dining,milk_soy,carton,SSB,31668.0968,31.6680968
dining,probiotic,glass,SSB,5575.3618,5.5753618
dining,probiotic,plastic,non_SSB,416.7025,0.4167025
dining,soda,alum_can,non_SSB,18130.4921,18.130492099999998
dining,soda,alum_can,SSB,12251.6541,12.2516541
dining,soda,bag_in_box,non_SSB,5965.8015,35.794809
dining,soda,bag_in_box,SSB,29374.7508,176.2485048
dining,soda,carton,SSB,2.9238,0.0029238
dining,soda,glass,non_SSB,2880.3572,2.8803571999999997
dining,soda,glass,SSB,1232.5281,1.2325281
dining,soda,plastic,non_SSB,11166.6967,11.166696700000001
dining,soda,plastic,SSB,30576.4408,30.5764408
dining,tea,alum_can,non_SSB,899.9807,0.8999807
dining,tea,alum_can,SSB,53806.5686,53.8065686
dining,tea,bag_in_box,non_SSB,1510.3814,9.062288400000002
dining,tea,bag_in_box,SSB,185.48499999999999,1.1129099999999998
dining,tea,glass,non_SSB,1865.4366,1.8654366
dining,tea,glass,SSB,33869.7048,33.8697048
dining,tea,plastic,non_SSB,4082.5295,4.0825295
dining,tea,plastic,SSB,12687.9676,12.6879676
dining,water_bottled,plastic,non_SSB,80328.7545,80.3287545
vending,coffee_milk,alum_can,SSB,663.1822999999999,0.6631822999999999
vending,coffee_milk,glass,SSB,7129.9669,7.1299669
vending,juice,alum_can,SSB,62.10399999999999,0.06210399999999999
vending,juice,plastic,non_SSB,1070.7517,1.0707517
vending,soda,alum_can,non_SSB,5030.7119,5.0307119
vending,soda,alum_can,SSB,8496.1454,8.4961454
vending,soda,plastic,non_SSB,7498.0782,7.4980782
vending,soda,plastic,SSB,41316.1226,41.3161226
vending,tea,glass,SSB,25.7142,0.025714200000000003
vending,tea,plastic,non_SSB,1038.9636,1.0389636
vending,tea,plastic,SSB,7911.9912,7.9119912
vending,water_bottled,plastic,non_SSB,24160.1348,24.1601348
Dining + Vending,coffee,alum_can,non_SSB,NA,0.1334356
Dining + Vending,coffee,glass,non_SSB,NA,0.9492003999999999
Dining + Vending,coffee,plastic,non_SSB,NA,0.19749180000000002
Dining + Vending,coffee,alum_can,SSB,NA,0.013840400000000001
Dining + Vending,coffee,glass,SSB,NA,0.6400003000000001
Dining + Vending,coffee,plastic,SSB,NA,0.039125700000000006
Dining + Vending,coffee_milk,alum_can,non_SSB,NA,0.0184538
Dining + Vending,coffee_milk,glass,non_SSB,NA,0.4238622
Dining + Vending,coffee_milk,plastic,non_SSB,NA,0.072041
Dining + Vending,coffee_milk,alum_can,SSB,NA,4.540059299999999
Dining + Vending,coffee_milk,glass,SSB,NA,15.166472200000001
Dining + Vending,coffee_milk,plastic,SSB,NA,2.0226499
Dining + Vending,juice,alum_can,non_SSB,NA,0.21060810000000002
Dining + Vending,juice,carton,non_SSB,NA,1.1380299999999999
Dining + Vending,juice,glass,non_SSB,NA,0.6671781
Dining + Vending,juice,plastic,non_SSB,NA,38.2659805
Dining + Vending,juice,alum_can,SSB,NA,7.911738899999999
Dining + Vending,juice,bag_in_box,SSB,NA,63.8901024
Dining + Vending,juice,carton,SSB,NA,0.6671269
Dining + Vending,juice,glass,SSB,NA,4.9863757
Dining + Vending,juice,plastic,SSB,NA,12.197842000000001
Dining + Vending,milk_almond,carton,non_SSB,NA,0.51103
Dining + Vending,milk_almond,carton,SSB,NA,60.82109729999999
Dining + Vending,milk_almond,plastic,SSB,NA,7.9397737
Dining + Vending,milk_an,carton,non_SSB,NA,1.5838086999999998
Dining + Vending,milk_an,plastic,non_SSB,NA,55.4614263
Dining + Vending,milk_an,bag_in_box,SSB,NA,22.417189999999998
Dining + Vending,milk_an,carton,SSB,NA,0.323741
Dining + Vending,milk_an,plastic,SSB,NA,0.43309800000000004
Dining + Vending,milk_other_plant,bag_in_box,SSB,NA,5.178438
Dining + Vending,milk_other_plant,carton,SSB,NA,2.360675
Dining + Vending,milk_soy,carton,non_SSB,NA,10.527227299999998
Dining + Vending,milk_soy,carton,SSB,NA,31.6680968
Dining + Vending,probiotic,plastic,non_SSB,NA,0.4167025
Dining + Vending,probiotic,glass,SSB,NA,5.5753618
Dining + Vending,soda,alum_can,non_SSB,NA,23.161203999999998
Dining + Vending,soda,bag_in_box,non_SSB,NA,35.794809
Dining + Vending,soda,glass,non_SSB,NA,2.8803571999999997
Dining + Vending,soda,plastic,non_SSB,NA,18.6647749
Dining + Vending,soda,alum_can,SSB,NA,20.7477995
Dining + Vending,soda,bag_in_box,SSB,NA,176.2485048
Dining + Vending,soda,carton,SSB,NA,0.0029238
Dining + Vending,soda,glass,SSB,NA,1.2325281
Dining + Vending,soda,plastic,SSB,NA,71.8925634
Dining + Vending,tea,alum_can,non_SSB,NA,0.8999807
Dining + Vending,tea,bag_in_box,non_SSB,NA,9.062288400000002
Dining + Vending,tea,glass,non_SSB,NA,1.8654366
Dining + Vending,tea,plastic,non_SSB,NA,5.1214930999999995
Dining + Vending,tea,alum_can,SSB,NA,53.8065686
Dining + Vending,tea,bag_in_box,SSB,NA,1.1129099999999998
Dining + Vending,tea,glass,SSB,NA,33.895419000000004
Dining + Vending,tea,plastic,SSB,NA,20.5999588
Dining + Vending,water_bottled,plastic,non_SSB,NA,104.48888930000001
